Post ID,Survey,Post Status,Created (UTC),Updated (UTC),Post Date (UTC),Contact ID,Contact,Data Source ID,Source,Unstructured Description,Describe the incident in detail,Describe the incident in one line,Location.lat,Location.lon,When and at what time this happen?,What kind of incident was this?,What is your age?,What is your gender?,What was wrong with the space?,How many people were in your company when this happened,Were you taking precautionary measures?,How did you react to it?,"If you approached the Police, how did they respond?",Add Images
7,Incident report (Old) (Please ignore),published,2021-10-18 10:50:17,2021-10-25 15:14:58,2021-10-18 10:50:17,,,,,,Group of males catcalled individual female outside her own PG,Catcalled,13.100731,77.571101,2021-09-24 00:00:00,,,,,,,,,
20,Incident report (Old) (Please ignore),published,2021-10-18 10:54:42,2021-10-27 04:44:48,2021-10-18 10:54:42,,,,,,22 year old in her balcony is flashed from a person on a bike. He continues to circle the PG for half an hour,Guy on bike flashes me,13.106985,77.568991,2021-09-18 00:00:00,,,,,,,,,
21,Incident report (Old) (Please ignore),published,2021-10-18 10:54:42,,2021-10-18 10:54:42,,,,,,Improper touching,9/27/2021 15:49:26,13.102642,77.571849,2021-03-30 00:00:00,,,,,,,,,
22,Incident report (Old) (Please ignore),published,2021-10-18 10:54:42,,2021-10-18 10:54:42,,,,,,All three were being catcalled by 2 males. The students cursed at the catcallers. They followed them,9/27/2021 15:51:39,13.104,77.57166,2021-09-24 00:00:00,,,,,,,,,
23,Incident report (Old) (Please ignore),published,2021-10-18 10:54:42,,2021-10-18 10:54:42,,,,,,Group of males catcalled individual female outside her own PG,9/27/2021 15:53:39,13.100731,77.571101,2021-09-24 00:00:00,,,,,,,,,
24,Incident report (Old) (Please ignore),published,2021-10-18 10:54:42,,2021-10-18 10:54:42,,,,,,Stalking inside the fresh mart,9/27/2021 20:32:20,13.102642,77.571849,2021-09-01 00:00:00,,,,,,,,,
25,Incident report (Old) (Please ignore),published,2021-10-18 10:54:42,,2021-10-18 10:54:42,,,,,,Walking accompanied by a friend and being stalked at,9/27/2021 20:41:28,13.101194,77.576787,2021-10-01 00:00:00,,,,,,,,,
26,Incident report (Old) (Please ignore),published,2021-10-18 10:54:43,,2021-10-18 10:54:43,,,,,,Accompanied by a female friend at the juice shop and being stared at from the guys in a group,9/27/2021 20:47:09,13.103925,77.571613,2021-11-01 00:00:00,,,,,,,,,
27,Incident report (Old) (Please ignore),draft,2021-10-18 10:54:43,,2021-10-18 10:54:43,,,,,,Walking back from Manasi stationery after dropping a friend,9/27/2021 20:50:42,13.103964,77.574561,2021-12-01 00:00:00,,,,,,,,,
28,Incident report (Old) (Please ignore),published,2021-10-18 10:54:43,2021-10-27 04:41:54,2021-10-18 10:54:43,,,,,,Was being stared by a guy while entering into a pg at the gate,Stared at,13.101191,77.571613,2021-09-27 00:00:00,,,,,,,,,
29,Incident report (Old) (Please ignore),published,2021-10-18 10:54:43,2021-10-27 04:42:13,2021-10-18 10:54:43,,,,,,Two of the friends were walking back to their pg on a main road and got hooted at by two guys on a bike,Hooted on,13.098743,77.574069,2021-09-09 00:00:00,,,,,,,,,
30,Incident report (Old) (Please ignore),published,2021-10-18 10:54:43,2021-10-27 04:42:29,2021-10-18 10:54:43,,,,,,3 guys on a bike catcalling girls and boys.,Guys on bikes catcalling,13.101223,77.571709,2020-01-11 00:00:00,,,,,,,,,
32,Incident report (Old) (Please ignore),published,2021-10-18 10:54:43,,2021-10-18 10:54:43,,,,,,Assaulted and followed by a group of 4-5 male  assaulters. SFS colony on road behind agamshala and next to a park.,9/28/2021 19:10:58,13.10204,77.573671,2021-01-02 00:00:00,,,,,,,,,
33,Incident report (Old) (Please ignore),published,2021-10-18 10:54:43,2021-10-27 04:42:51,2021-10-18 10:54:43,,,,,,A guy followed until I reached college campus,I was followed,13.108275,77.574232,2019-01-12 00:00:00,,,,,,,,,
34,Incident report (Old) (Please ignore),published,2021-10-18 10:54:43,2021-10-27 04:43:13,2021-10-18 10:54:43,,,,,,Individual manipulated position of CCTV by entering the compound of the bungalow. Enters the compound wall at a later date. CCTV record exists. Guard was inside the compound.,Guys jumps and moves CCTV,13.099506,77.57156,2021-09-24 00:00:00,,,,,,,,,
35,Incident report (Old) (Please ignore),published,2021-10-18 10:54:43,2021-10-27 04:43:34,2021-10-18 10:54:43,,,,,,Female sole resident at the time is taking a bath. An individual climbs up to the bathroom window and peeps. Semen stains found,Peeping tom inside compound,13.099506,77.57156,2021-01-01 00:00:00,,,,,,,,,
